First Name,Last Name,Email,,0000ref000.optyndemo@000.monitor1.returnpath.net,,0000refzzz.optyndemo@zzz.monitor1.returnpath.net,,aaa1asi@aol.com,,aaa1asi@comcast.net,,aaa1asi@cox.net,,aaa1asi@earthlink.net,,aaa1asi@gmail.com,,aaa1asi@hotmail.com,,aaa1asi@optonline.com,,aaa1asi@usa.net,,aaa1asi@yahoo.com,,aaa1everyone@everyonerp.com,,aaa2asi@earthlink.net,,aaa3asi@cs.com,,aaa522asi@biz.rr.com,,aaa5asi@netscape.net,,adresmaybar@yahoo.com,,al.alleborn@comcast.net,,anita1232@optonline.com,,axelnortby@hotmail.com,,baconracer33@aol.com,,bartender85aybar@yahoo.com,,beaubillinslea3@yahoo.com,,beniangiatti12@optonline.com,,black_barry@cox.net,,cammie88deakins@optonline.com,,carpetman_miller22@hotmail.com,,ccknight3@hotmail.com,,charlieshull@yahoo.com,,cheriwells@usa.net,,chipdarlington@earthlink.net,,cochran31_meyrink@yahoo.com,,corkigrazer12@usa.net,,cusackliz55@cox.net,,dardensevern@cs.com,,david.marvit@sbcglobal.net,,david.ursin@sbcglobal.net,,ddd1gdad@rpgodad.com,,ddd1webmailus@webmailrp.net,,dddvrzn@verizon.net,,delauter3@yahoo.com,,devlin_miltondean3@hotmail.com,,doobiehankin@aol.com,,dorsey_congressman77@hotmail.com,,dreyfus_22randolph@yahoo.com,,dsmonterosso@sbcglobal.net,,dvdunderwood312@aol.com,,eee2webmailus@webmailrp.net,,eugenezador@cs.com,,fenton_okomoto12@earthlink.net,,fenton_okomoto12@hotmail.com,,ferrero47clerk@aol.com,,force92backes@earthlink.net,,frankbreur@aol.com,,frickermackenzie@netscape.net,,friedhofer.hugo2@comcast.net,,gabriellaborzell@cs.com,,gggvrzn@verizon.net,,gjarrett919@hotmail.com,,goodman512stiller@biz.rr.com,,gordon.cusack2@cox.net,,grazer19_produce@earthlink.net,,harriet4michaels@netscape.net,,hathaway_jerry85@yahoo.com,,henry.roth2@gmail.com,,hhh3webmailus@webmailrp.net,,iii2everyone@everyonerp.com,,iii2gdad@rpgodad.com,,ina_gould@earthlink.net,,isabelcooley@earthlink.net,,isabellewalker@usa.net,,israel_neal22@earthlink.net,,j_blum33@bellsouth.net,,james_carrington@sbcglobal.net,,james_leicester33@comcast.net,,jaystuler720@aol.com,,jeffhiggins303@aol.com,,jjj4webmailus@webmailrp.net,,jjjvrzn@verizon.net,,joannewbarron@hotmail.com,,joe.dorsey@sbcglobal.net,,johnvasily@usa.net,,joietom.bartel@comcast.net,,josanrusso@bellsouth.net,,joy_ferro@sbcglobal.net,,jpmarino67@optonline.com,,jxdubois@aol.com,,kendrew8taylor@cox.net,,kevinhurley1964@sbcglobal.net,,kilmerknight85@yahoo.com,,kkk5webmailus@webmailrp.net,,lapaglia8giardin@netscape.net,,laser_ray_victim32@yahoo.com,,laser_specialist85knox@hotmail.com,,lazlo_holyfeldd22@yahoo.com,,lllvrzn@verizon.net,,louisgcarnagle@yahoo.com,,lowellcornell@usa.net,,lucy.whitmore3@gmail.com,,lyndaweismeir@usa.net,,mabakes@sbcglobal.net,,maratwingordon@optonline.com,,mariimak@usa.net,,mariosoldati@cs.com,,mgcrabtree@sbcglobal.net,,michellemeyrink90@hotmail.com,,mmm1asi@aol.com,,mmm1asi@bellsouth.net,,mmm1asi@comcast.net,,mmm1asi@cox.net,,mmm1asi@earthlink.net,,mmm1asi@gmail.com,,mmm1asi@hotmail.com,,mmm1asi@optonline.com,,mmm1asi@usa.net,,mmm1asi@yahoo.com,,mmm3asi@cs.com,,mmm517asi@biz.rr.com,,mmm5asi@netscape.net,,mmm6webmailus@webmailrp.net,,montedodd@cs.com,,monterosso6_7cafeteria@hotmail.com,,MsKiki9Douveas@netscape.net,,nadinevix@earthlink.net,,ndeforestiii@aol.com,,nnn3everyone@everyonerp.com,,nnn3gdad@rpgodad.com,,nnnvrzn@verizon.net,,oldlady_gould44@yahoo.com,,owen65baker@aol.com,,p.galvin42@comcast.net,,paulhutchings303@aol.com,,pennybaker3@earthlink.net,,peter_likidis720@hotmail.com,,poft_pat99@earthlink.net,,ppp7webmailus@webmailrp.net,,ptulley@earthlink.net,,publicist48_eisenberg@hotmail.com,,qmpartseed9@netscape.net,,razatos12_porter@hotmail.com,,res6t8vo@verizon.net,,robbins33raymond@cox.net,,roman3aykroyd@optonline.com,,rose7plummer@netscape.net,,rpedx1@edx.assurancesys.com,,rpedx2@edx.assurancesys.com,,rpedx3@edx.assurancesys.com,,rpml1@ml.assurancesys.com,,rpml2@ml.assurancesys.com,,rpml3@ml.assurancesys.com,,rrr8webmailus@webmailrp.net,,rrrvrzn@verizon.net,,sandymmeredith@cs.com,,science_fairstudent99@yahoo.com,,sherrynugil@hotmail.com,,shuttle_peralta12@yahoo.com,,skate_tangen32@earthlink.net,,spiro_23ulrich@hotmail.com,,sss4everyone@everyonerp.com,,sss4gdad@rpgodad.com,,stillo.ashmore@cox.net,,stober_waitress912@hotmail.com,,stuart2mackenzie@netscape.net,,sweigart_gate44@hotmail.com,,tensecond.tom5@gmail.com,,tsather@pi.assurancesys.com,,ttangen@bellsouth.net,,ttt9webmailus@webmailrp.net,,uuu10webmailus@webmailrp.net,,uuuvrzn@verizon.net,,vilmos@bellsouth.net,,vince523lafleur@biz.rr.com,,wallyprosky88@optonline.com,,washburntaxidriver@gmail.com,,wiatress12keller@aol.com,,willette.joanne@earthlink.net,,willie.jocko@gmail.com,,willyknox@sbcglobal.net,,www5everyone@everyonerp.com,,www5gdad@rpgodad.com,,wwwvrzn@verizon.net,,zeta_nicholson4@cox.net,,zsigmond@bellsouth.net,,zsigmond_chew33@hotmail.com,,zzz1asi@aol.com,,zzz1asi@bellsouth.net,,zzz1asi@comcast.net,,zzz1asi@cox.net,,zzz1asi@earthlink.net,,zzz1asi@gmail.com,,zzz1asi@hotmail.com,,zzz1asi@optonline.com,,zzz1asi@usa.net,,zzz1asi@yahoo.com,,zzz593asi@biz.rr.com,,zzz5asi@netscape.net,,zzzzref000.optyndemo@000.monitor1.returnpath.net,,zzzzrefzzz.optyndemo@zzz.monitor1.returnpath.net,,gaurav@optyn.com,,gaurav.optynemail@gmail.com